iter	Logloss
0	0.5733017545
1	0.4953103428
2	0.4391695617
3	0.3984469374
4	0.3688157304
5	0.3476075162
6	0.3323803342
7	0.3207027105
8	0.3127645046
9	0.3066014061
